Workbook
Name R___1205___09: 'str1'!#REF!
Name R___1205___09: 'str2'!#REF!
Name R___1205___09: #REF!

Sheet DANE
A1: 46110 | B1: X53
A2: X53
A3: MORYC
A4: Projekt

Sheet str1
A1: Alstom Polska S.A. ul. Emilii Plater 53, 00-113 Warszawa ALSTOM Polska S.A. oddział we Wrocławiu ul. Fabryczna 12 53-609 Wrocław Centralne Laboratorium, Badania nieniszczące
C8: PROTOKÓŁ Z BADAŃ PENETRACYJNYCH NR : PENETRANT TEST PROTOCOL No. : | AC8: PT/ 801 /26
C12: DATA WYDANIA: DATE OF ISSUE: | I12: =DANE!A1 -> 46110 | AO12: Strona: | AR12: ="s." & _xlfn.SHEET()-1&"/"&_xlfn.SHEETS()-1 -> s.1/2
AO13: Page:
C15: PRZEDMIOT BADAŃ TEST OBJECT | L15: PROJEKT PROJECT | S15: PRÓBKA SPAWALNICZA WELDING SAMPLE | AA15: MATERIAŁ PODSTAWOWY MATERIAL | AJ15: patrz WPS our WPS
L17: NAZWA NAME | S17: =DANE!A4 -> Projekt | AA17: MATERIAŁ DODATKOWY WELDING FILLER | AJ17: patrz WPS our WPS
L19: NUMER NUMBER | S19: =DANE!A2 -> X53 | AA19: OBRÓBKA CIEPLNA HEAT TREATMENT | AJ19: patrz WPS our WPS
L21: SPAWACZ WELDER | S21: =DANE!A3 -> MORYC | AA21: METODA SPAWANIA WELDING PROCESS | AJ21: patrz WPS our WPS
C24: ZLECENIODAWCA CUSTOMER | L24: ALSTOM Polska S.A. oddział we Wrocławiu, ul. Fabryczna 12 53-609 Wrocław
C26: MIEJSCE BADANIA PLACE OF TESTS | L26: Alstom Polska S.A. Oddział Wrocław, 53-609 Wrocław, ul. Fabryczna 12
C28: PRZYJĘTO DNIA DATE OF RECEIPT | L28: =I12 -> 46110 | X28: DATA BADANIA DATE OF TESTING | AD28: =I12 -> 46110
C31: WARUNKI ŚRODOWISKOWE ENVIRONMENTAL CONDITIONS | L31: 20° C
C34: ODNIESIENIE DO WZORCA REFERENCE TO THE PATTERN | L34: Świadectwo sprawdzania lub wzorcowania Inspection or calibration certificate
C37: OPIS METODY BADANIA DESCRIPTION OF THE TEST METHOD | L37: System badania Penetrating system | S37: PN-EN ISO 3452-2, IICe Level 2.
L39: Penetrant Penetrant | S39: PFINDER 860 L37454 / 10.2026
AW40: Natrysk/ Spray
L41: Wywoływacz Developer | S41: PFINDER 871 L56449 / 02.2027 | AW41: Pędzel/ Brush
L43: Zmywacz Cleaner | S43: PFINDER 895 L43986 / 06.2027
L45: Aplikacja Application | S45: Natrysk/ Spray
L47: Próbka odniesienia nr Reference block no. | S47: 2 nr / no 4006
C50: METODA BADAŃ TEST METHOD | L50: PN-EN ISO 3452-1:2021-12
C53: NORMY STANDARDS | L53: PN-EN ISO 3452-2; PN-EN ISO 3452-3;PN-EN ISO 3452-4; PN-EN ISO 3059; PN-EN ISO 23277; PN-EN ISO 5817; PN-EN ISO 17635; PN-EN ISO 13919-1
C56: WYNIKI BADANIA TEST RESULTS | L56: WYNIKI BADAŃ PODANO NA KOLEJNYCH STRONACH PROTOKOŁU. THE TEST RESULTS ARE GIVEN ON THE FOLLOWING PAGES OF THE PROTOCOL.
C59: INSTRUKCJA BADAŃ TEST INSTRUCTIONS | L59: PT/1
C62: ZASADA PODEJMOWANIA DECYZJI DECISION RULES | L62: Zasada podejmowania decyzji została przeprowadzona w oparciu o zalecenia dokumentu ILAC-G8:09/2019, Binarna zasada podejmowania decyzji oparta na prostej akceptacji (w=0). The decision-making principle was carried out based on the document's recommendations ILAC-G8:09/2019, Binary decision rule based on simple acceptance (w=0).
L67: OBIEKT DO BADAŃ ORAZ INFORMACJE DOTYCZĄCE OBIEKTU DOSTARCZONE PRZEZ ZLECENIODAWCĘ. THE TEST OBJECT AND INFORMATION REGARDING THE OBJECT PROVIDED BY THE CLIENT.
AG72: KIEROWNIK LABORATORIUM
AG76: LABORATORY MANAGER

Sheet str2
D1: PROTOKÓŁ BADANIA WYDANY PRZEZ LABORATORIUM AKREDYTOWANE Nr AKREDYTYACJI AB 675 TEST PROTOCOL ISSUED BY ACCREDITED LABORATORY No. AB 675
B4: DATA WYDANIA: | G4: ='str1'!I12 -> 46110 | Q4: NUMER PROTOKOŁU PROTOCOL NO. | Z4: ='str1'!AC8 -> PT/ 801 /26 | AO4: Strona: | AR4: ="s." & _xlfn.SHEET()&"/"&_xlfn.SHEETS() -> s.3/3
B5: DATE OF ISSUE: | AO5: Page:
B7: WARUNKI BADANIA TEST CONDITION
B9: Temperatura obiektu Object temperature | L9: 18 ° C | P9: Miernik Gauge | Z9: HD 2107.1 nr 12016358
B11: Warunki obserwacji Viewing conditions | H11: białe white | L11: 790 lx | P11: Miernik Gauge | Z11: Luksomierz Levy Hill nr 6784
H13: UV | L13: --- lx | P13: Miernik Gauge
H15: UV | L15: --- W/m2 | P15: Miernik Gauge
B17: Czas penetracji Penetration time | L17: 15 min | P17: Czas wywoływania Development time | Z17: 15 min
B20: WYNIKI BADANIA TEST RESULTS | L20: Wyniki przeprowadzonego badania przedstawiono poniżej: Test results are the following:
B22: Nr Spoiny Weld No. | G22: Wymagany klasa jakości Required weld class PN-EN 15085-3 | L22: Wymagany poziom akceptacji Acceotance Criteria PN-EN ISO 23277 | Q22: Ocena Evaluation | U22: Rodzaj wskazania i wymiar w mm Type of indication and dimension in mm | AA22: Po naprawie / After repair | AK22: Pozycja na szkicu Position on sketch | AP22: Uwagi Remarks
AA23: Ocena Evaluation | AF23: Rodzaj wskazania i wymiar w mm Type of indication and dimension in mm
Q25: Spełnia Fulfills | S25: Nie spełnia Not fulfilled
B29: AAP44 | G29: CP B | L29: 2x | Q29: X
G30: =IF(B30<>0,G29,0) -> 0 | L30: =IF(B30<>0,L29,0) -> 0 | Q30: =IF(B30<>0,Q29,0) -> 0
G31: =IF(B31<>0,G30,0) -> 0 | L31: =IF(B31<>0,L30,0) -> 0 | Q31: =IF(B31<>0,Q30,0) -> 0
G32: =IF(B32<>0,G31,0) -> 0 | L32: =IF(B32<>0,L31,0) -> 0 | Q32: =IF(B32<>0,Q31,0) -> 0
G33: =IF(B33<>0,G32,0) -> 0 | L33: =IF(B33<>0,L32,0) -> 0 | Q33: =IF(B33<>0,Q32,0) -> 0
G34: =IF(B34<>0,G33,0) -> 0 | L34: =IF(B34<>0,L33,0) -> 0 | Q34: =IF(B34<>0,Q33,0) -> 0
G35: =IF(B35<>0,G34,0) -> 0 | L35: =IF(B35<>0,L34,0) -> 0 | Q35: =IF(B35<>0,Q34,0) -> 0
G36: =IF(B36<>0,G35,0) -> 0 | L36: =IF(B36<>0,L35,0) -> 0 | Q36: =IF(B36<>0,Q35,0) -> 0
G37: =IF(B37<>0,G36,0) -> 0 | L37: =IF(B37<>0,L36,0) -> 0 | Q37: =IF(B37<>0,Q36,0) -> 0
G38: =IF(B38<>0,G37,0) -> 0 | L38: =IF(B38<>0,L37,0) -> 0 | Q38: =IF(B38<>0,Q37,0) -> 0
G39: =IF(B39<>0,G38,0) -> 0 | L39: =IF(B39<>0,L38,0) -> 0 | Q39: =IF(B39<>0,Q38,0) -> 0
G40: =IF(B40<>0,G39,0) -> 0 | L40: =IF(B40<>0,L39,0) -> 0 | Q40: =IF(B40<>0,Q39,0) -> 0
G41: =IF(B41<>0,G40,0) -> 0 | L41: =IF(B41<>0,L40,0) -> 0 | Q41: =IF(B41<>0,Q40,0) -> 0
... G58: =IF(B58<>0,G57,0) -> 0 | L58: =IF(B58<>0,L57,0) -> 0 | Q58: =IF(B58<>0,Q57,0) -> 0
E60: BADAŁ I OCENIŁ | AI60: ZATWIERDZIŁ
E64: CHECKED AND ASSESSED BY | AI64: AUTHORIZED BY
B68: KONIEC PROTOKOŁU END OF PROTOCOL
B71: Niniejszy protokół może być okazywany lub kopiowany tylko w całości i nie jest ważny bez podpisów i pieczęci. Przedstawione wyniki odnoszą się tylko i wyłącznie do obiektu badanego, w określonym czasie i warunkach klimatycznych. This protocol may only be presented or copied in its entirety and is not valid without signatures and seals. The presented results refer only to the tested object, at a specific time and climatic conditions.
