Workbook
Name R___1205___09: 'str1'!#REF!
Name R___1205___09: 'str2'!#REF!
Name R___1205___09: #REF!

Sheet DANE
A1: 46141 | B1: X53
A2: X53
A3: MORYC
A4: Projekt

Sheet str1
A1: Alstom Polska S.A. ul. Emilii Plater 53, 00-113 Warszawa ALSTOM Polska S.A. oddział we Wrocławiu ul. Fabryczna 12 53-609 Wrocław Centralne Laboratorium, Badania nieniszczące
C8: PROTOKÓŁ Z BADAŃ ULTRADŹWIĘKOWYCH NR : ULTRASONIC TEST PROTOCOL No. : | AC8: U/ 734 /26
C12: DATA WYDANIA: DATE OF ISSUE: | I12: =DANE!A1 -> 46141 | AO12: Strona: | AR12: ="s." & _xlfn.SHEET()-1&"/"&_xlfn.SHEETS()-1 -> s.1/2
AO13: Page:
C15: PRZEDMIOT BADAŃ TEST OBJECT | L15: NAZWA NAME | S15: PRÓBKA SPAWALNICZA WELDING SAMPLE | AA15: MATERIAŁ PODSTAWOWY MATERIAL | AJ15: patrz WPS our WPS
L17: NUMER NUMBER | S17: =DANE!A2 -> X53 | AA17: MATERIAŁ DODATKOWY WELDING FILLER | AJ17: patrz WPS our WPS
L19: OBRÓBKA CIEPLNA HEAT TREATMENT | S19: patrz WPS our WPS | AA19: METODA SPAWANIA WELDING PROCESS | AJ19: 135(MAG)
L21: SPAWACZ WELDER | S21: =DANE!A3 -> MORYC
C24: ZLECENIODAWCA CUSTOMER | L24: ALSTOM Polska S.A. oddział we Wrocławiu, ul. Fabryczna 12 53-609 Wrocław
C26: MIEJSCE BADANIA PLACE OF TESTS | L26: ALSTOM Polska S.A. oddział we Wrocławiu, ul. Fabryczna 12 53-609 Wrocław
C28: PRZYJĘTO DNIA DATE OF RECEIPT | L28: =I12 -> 46141 | X28: DATA BADANIA DATE OF TESTING | AD28: =I12 -> 46141
C31: WARUNKI ŚRODOWISKOWE ENVIRONMENTAL CONDITIONS | L31: 20° C
C34: ODNIESIENIE DO WZORCA REFERENCE TO THE PATTERN | L34: Świadectwo sprawdzania lub wzorcowania Inspection or calibration certificate
C37: OPIS METODY BADANIA DESCRIPTION OF THE TEST METHOD | L37: Metoda badania Process method | S37: Metoda OWR DSG method | AD37: Śr. sprzęgający Couplant medium | AK37: Żel Echotrace Gel Echotrace
L39: Aparat Ultrasonic instrument | S39: SONATEST WAVE nr I022858
L41: Blok Kalibracyjny nr Calibration blocks no. | S41: nr 1 nr / no 45119-45143 nr 2 nr/ no 78215-78239
L43: Blok Referencyjny nr Reference blocks no.
L45: Wyposażenie pomocnicze Additional equipment | S45: Przymiar półsztrywny
C48: METODA BADAŃ TEST METHOD | L48: PN-EN ISO 17640:2019-01 PN-EN ISO 16810:2014-06; PN-EN ISO 16823:2014-06
C51: NORMY STANDARDS | L51: PN-EN ISO 11666; PN-EN ISO 23279; PN-EN ISO 22232-1; PN-EN ISO 22232-2;PN-EN ISO 22232-3; PN-EN ISO 2400; PN-EN ISO 7963; PN-EN ISO 17635; PN-EN 15085-3; PN-EN ISO 9712
C54: WYNIKI BADANIA TEST RESULTS | L54: WYNIKI BADAŃ PODANO NA KOLEJNYCH STRONACH PROTOKOŁU. THE TEST RESULTS ARE GIVEN ON THE FOLLOWING PAGES OF THE PROTOCOL.
C57: INSTRUKCJA BADAŃ TEST INSTRUCTIONS | L57: UT/1
C60: ZASADA PODEJMOWANIA DECYZJI DECISION RULES | L60: Zasada podejmowania decyzji została przeprowadzona w oparciu o zalecenia dokumentu ILAC-G8:09/2019, Binarna zasada podejmowania decyzji oparta na prostej akceptacji (w=0). The decision-making principle was carried out based on the document's recommendations ILAC-G8:09/2019, Binary decision rule based on simple acceptance (w=0).
L65: OBIEKT DO BADAŃ ORAZ INFORMACJE DOTYCZĄCE OBIEKTU DOSTARCZONE PRZEZ ZLECENIODAWCĘ. THE TEST OBJECT AND INFORMATION REGARDING THE OBJECT PROVIDED BY THE CLIENT.
AG70: KIEROWNIK LABORATORIUM
AG74: LABORATORY MANAGER

Sheet str2
D1: PROTOKÓŁ BADANIA WYDANY PRZEZ LABORATORIUM AKREDYTOWANE Nr AKREDYTYACJI AB 675 TEST PROTOCOL ISSUED BY ACCREDITED LABORATORY No. AB 675
B4: DATA WYDANIA: | G4: ='str1'!I12 -> 46141 | Q4: NUMER PROTOKOŁU PROTOCOL NO. | Z4: ='str1'!AC8 -> U/ 734 /26 | AO4: Strona: | AR4: ="s." & _xlfn.SHEET()-1&"/"&_xlfn.SHEETS()-1 -> s.2/2
B5: DATE OF ISSUE: | AO5: Page:
B7: WARUNKI BADANIA TEST CONDITION
B9: Temperatura obiektu Object temperature | L9: 20 ° C | P9: Miernik Gauge | Z9: Pirometr PT-4980 181008396
B12: Głowica Probe | P12: Nastawa czułości i parametry badania Sensitivity setting and test parameters
B14: Nazwa Name | E14: Wymiar Dimension | I14: Kąt Angle | L14: Środek głowicy Center of Probe | P14: Wzorzec odniesienia Reference block | U14: Rodzaj skalowania Scaling type | Y14: Wzm. Odniesienia (0,8H) dB | AB14: Grubość materiału Material thickness | AF14: Kierunek badania Test direction | AJ14: DSR | AL14: Wzmocnienie badania Reference gain | AQ14: Zakres obs. Range
I16: ° | L16: mm | AB16: mm | AJ16: ⌀mm | AL16: dB | AQ16: mm
B17: SMA4-70ZR | E17: 4,0 MHz 8x9 mm | I17: 70 | L17: 13 | P17: Nr 2 | U17: Auto. | Y17: 23 | AB17: 6; 8; 10; 12 | AF17: A | AJ17: 1,5 | AL17: 44 | AQ17: 125
B18: SMA4-60ZR | E18: 4,0 MHz 8x9 mm | I18: 60 | L18: 10 | P18: Nr 2 | U18: Auto. | Y18: 21 | AB18: 6; 8; 10; 12 | AF18: A | AJ18: 1,5 | AL18: 41 | AQ18: 100
B19: S10 W4C | E19: 4,0 ⌀10 mm | I19: 0 | L19: 0 | P19: Nr 1 | U19: Pa | Y19: 32 | AB19: 6; 8; 10; 12 | AF19: C | AJ19: 5,0 | AL19: 34 | AQ19: 50
B21: Ustawienia aparatu: Zakres częstotliwości: 0,2-22,5 MHz; Poziom spustu: 50%SH; Tłumienie nadajnika: 50 Ohm; PRF: 240 Hz; Zakres częstotliwości: 4 MHz; Napięcie nadajnika: 150V
B24: WYNIKI BADANIA TEST RESULTS | L24: Wyniki przeprowadzonego badania przedstawiono poniżej: Test results are the following:
B26: Nr Spoiny / Weld no | D26: Położenie głowicy/ Probe position | F26: Głowica / oznaczenie Probe / designation | L26: Droga wiązki | N26: Długość i orientacja wskazania | X26: Wyniki | AD26: Poziom akceptacji wg EN ISO 11666 | AG26: technika badania i poziom badania EN ISO 17640 | AJ26: Poziom jakości w odniesieniu do EN ISO 5817 | AM26: Uwagi
N28: położenie wzgl. Układu odniesienia | R28: rzut w kierunku Z | T28: rzut w kierunku X | V28: rzut w kierunku Y | X28: przekroczenie poziomu odniesienia [dB] | AA28: zarejestrowana długość wskazania [mm]
N30: w kierunku wzdłużnym | P30: w kierunku poprzecznym
B35: =DANE!B1 -> X53 | D35: A | F35: SMA4-70ZR SMA4-60ZR | L35: vPa | N35: - | P35: - | R35: - | T35: - | V35: - | X35: - | AA35: - | AD35: 2 | AG35: B | AJ35: CP B | AM35: ---
B37: =DANE!B2 -> 0 | D37: =IF(B37<>0,D35,0) -> 0 | F37: =IF(D37<>0,F35,0) -> 0 | L37: =IF(B37<>0,L35,0) -> 0 | N37: =IF(B37<>0,N35,0) -> 0 | P37: =IF(B37<>0,P35,0) -> 0 | R37: =IF(B37<>0,R35,0) -> 0 | T37: =IF(B37<>0,V35,0) -> 0 | V37: =IF(B37<>0,V35,0) -> 0 | X37: =IF(B37<>0,X35,0) -> 0 | AA37: =IF(B37<>0,AA35,0) -> 0 | AD37: =IF(B37<>0,AD35,0) -> 0 | AG37: =IF(B37<>0,AG35,0) -> 0 | AJ37: =IF(B37<>0,AJ35,0) -> 0 | AM37: =IF(B37<>0,AM35,0) -> 0
B39: =DANE!B3 -> 0 | D39: =IF(B39<>0,D37,0) -> 0 | F39: =IF(D39<>0,F37,0) -> 0 | L39: =IF(B39<>0,L37,0) -> 0 | N39: =IF(B39<>0,N37,0) -> 0 | P39: =IF(B39<>0,P37,0) -> 0 | R39: =IF(B39<>0,R37,0) -> 0 | T39: =IF(B39<>0,V37,0) -> 0 | V39: =IF(B39<>0,V37,0) -> 0 | X39: =IF(B39<>0,X37,0) -> 0 | AA39: =IF(B39<>0,AA37,0) -> 0 | AD39: =IF(B39<>0,AD37,0) -> 0 | AG39: =IF(B39<>0,AG37,0) -> 0 | AJ39: =IF(B39<>0,AJ37,0) -> 0 | AM39: =IF(B39<>0,AM37,0) -> 0
B41: =DANE!B4 -> 0 | D41: =IF(B41<>0,D39,0) -> 0 | F41: =IF(D41<>0,F39,0) -> 0 | L41: =IF(B41<>0,L39,0) -> 0 | N41: =IF(B41<>0,N39,0) -> 0 | P41: =IF(B41<>0,P39,0) -> 0 | R41: =IF(B41<>0,R39,0) -> 0 | T41: =IF(B41<>0,V39,0) -> 0 | V41: =IF(B41<>0,V39,0) -> 0 | X41: =IF(B41<>0,X39,0) -> 0 | AA41: =IF(B41<>0,AA39,0) -> 0 | AD41: =IF(B41<>0,AD39,0) -> 0 | AG41: =IF(B41<>0,AG39,0) -> 0 | AJ41: =IF(B41<>0,AJ39,0) -> 0 | AM41: =IF(B41<>0,AM39,0) -> 0
B43: =DANE!B5 -> 0 | D43: =IF(B43<>0,D41,0) -> 0 | F43: =IF(D43<>0,F41,0) -> 0 | L43: =IF(B43<>0,L41,0) -> 0 | N43: =IF(B43<>0,N41,0) -> 0 | P43: =IF(B43<>0,P41,0) -> 0 | R43: =IF(B43<>0,R41,0) -> 0 | T43: =IF(B43<>0,V41,0) -> 0 | V43: =IF(B43<>0,V41,0) -> 0 | X43: =IF(B43<>0,X41,0) -> 0 | AA43: =IF(B43<>0,AA41,0) -> 0 | AD43: =IF(B43<>0,AD41,0) -> 0 | AG43: =IF(B43<>0,AG41,0) -> 0 | AJ43: =IF(B43<>0,AJ41,0) -> 0 | AM43: =IF(B43<>0,AM41,0) -> 0
B45: =DANE!B6 -> 0 | D45: =IF(B45<>0,D43,0) -> 0 | F45: =IF(D45<>0,F43,0) -> 0 | L45: =IF(B45<>0,L43,0) -> 0 | N45: =IF(B45<>0,N43,0) -> 0 | P45: =IF(B45<>0,P43,0) -> 0 | R45: =IF(B45<>0,R43,0) -> 0 | T45: =IF(B45<>0,V43,0) -> 0 | V45: =IF(B45<>0,V43,0) -> 0 | X45: =IF(B45<>0,X43,0) -> 0 | AA45: =IF(B45<>0,AA43,0) -> 0 | AD45: =IF(B45<>0,AD43,0) -> 0 | AG45: =IF(B45<>0,AG43,0) -> 0 | AJ45: =IF(B45<>0,AJ43,0) -> 0 | AM45: =IF(B45<>0,AM43,0) -> 0
B47: =DANE!B7 -> 0 | D47: =IF(B47<>0,D45,0) -> 0 | F47: =IF(D47<>0,F45,0) -> 0 | L47: =IF(B47<>0,L45,0) -> 0 | N47: =IF(B47<>0,N45,0) -> 0 | P47: =IF(B47<>0,P45,0) -> 0 | R47: =IF(B47<>0,R45,0) -> 0 | T47: =IF(B47<>0,V45,0) -> 0 | V47: =IF(B47<>0,V45,0) -> 0 | X47: =IF(B47<>0,X45,0) -> 0 | AA47: =IF(B47<>0,AA45,0) -> 0 | AD47: =IF(B47<>0,AD45,0) -> 0 | AG47: =IF(B47<>0,AG45,0) -> 0 | AJ47: =IF(B47<>0,AJ45,0) -> 0 | AM47: =IF(B47<>0,AM45,0) -> 0
B51: POPRAWKA
E59: BADAŁ I OCENIŁ | AI59: ZATWIERDZIŁ
E63: CHECKED AND ASSESSED BY | AI63: AUTHORIZED BY
E65: Spełnia wymagania Fulfills | X65: Nie spełnia wymagań Not fulfilled
B68: KONIEC PROTOKOŁU END OF PROTOCOL
B71: Niniejszy protokół może być okazywany lub kopiowany tylko w całości i nie jest ważny bez podpisów i pieczęci. Przedstawione wyniki odnoszą się tylko i wyłącznie do obiektu badanego, w określonym czasie i warunkach klimatycznych. This protocol may only be presented or copied in its entirety and is not valid without signatures and seals. The presented results refer only to the tested object, at a specific time and climatic conditions.
